105,SV Darmstadt 98,L1,https://www.transfermarkt.co.uk/sv-darmstadt-98/startseite/verein/105
11127,Ural Yekaterinburg,RU1,https://www.transfermarkt.co.uk/ural-ekaterinburg/startseite/verein/11127
114,Besiktas JK,TR1,https://www.transfermarkt.co.uk/besiktas-istanbul/startseite/verein/114
12,AS Roma,IT1,https://www.transfermarkt.co.uk/as-rom/startseite/verein/12
148,Tottenham Hotspur,GB1,https://www.transfermarkt.co.uk/tottenham-hotspur/startseite/verein/148
157,KAA Gent,BE1,https://www.transfermarkt.co.uk/kaa-gent/startseite/verein/157
1894,Hvidovre IF,DK1,https://www.transfermarkt.co.uk/hvidovre-if/startseite/verein/1894
190,FC Copenhagen,DK1,https://www.transfermarkt.co.uk/fc-kopenhagen/startseite/verein/190
192,Roda JC Kerkrade,NL1,https://www.transfermarkt.co.uk/roda-jc-kerkrade/startseite/verein/192
19789,Yeni Malatyaspor,TR1,https://www.transfermarkt.co.uk/yeni-malatyaspor/startseite/verein/19789
2079,Veria NPS,GR1,https://www.transfermarkt.co.uk/veria-nps/startseite/verein/2079
21957,AO Platanias,GR1,https://www.transfermarkt.co.uk/ao-platanias/startseite/verein/21957
2414,AC Horsens,DK1,https://www.transfermarkt.co.uk/ac-horsens/startseite/verein/2414
2457,B SAD,PO1,https://www.transfermarkt.co.uk/belenenses-sad/startseite/verein/2457
2578,St. Johnstone FC,SC1,https://www.transfermarkt.co.uk/st-johnstone-fc/startseite/verein/2578
2727,Oud-Heverlee Leuven,BE1,https://www.transfermarkt.co.uk/oud-heverlee-leuven/startseite/verein/2727
28643,SK Beveren,BE1,https://www.transfermarkt.co.uk/waasland-beveren/startseite/verein/28643
2990,Académica Coimbra,PO1,https://www.transfermarkt.co.uk/academica-coimbra/startseite/verein/2990
3057,Standard Liège,BE1,https://www.transfermarkt.co.uk/standard-luttich/startseite/verein/3057
3690,SKA Khabarovsk,RU1,https://www.transfermarkt.co.uk/ska-khabarovsk/startseite/verein/3690
4795,FC Ingolstadt 04,L1,https://www.transfermarkt.co.uk/fc-ingolstadt-04/startseite/verein/4795
511,Dundee FC,SC1,https://www.transfermarkt.co.uk/dundee-fc/startseite/verein/511
5358,SD Huesca,ES1,https://www.transfermarkt.co.uk/sd-huesca/startseite/verein/5358
603,Cardiff City,GB1,https://www.transfermarkt.co.uk/cardiff-city/startseite/verein/603
60551,SK Dnipro-1,UKR1,https://www.transfermarkt.co.uk/sk-dnipro-1/startseite/verein/60551
6996,Goverla Uzhgorod (- 2016),UKR1,https://www.transfermarkt.co.uk/goverla-uzhgorod/startseite/verein/6996
8024,FC Arouca,PO1,https://www.transfermarkt.co.uk/fc-arouca/startseite/verein/8024
868,MKE Ankaragücü,TR1,https://www.transfermarkt.co.uk/mke-ankaragucu/startseite/verein/868
903,Hibernian FC,SC1,https://www.transfermarkt.co.uk/hibernian-fc/startseite/verein/903
969,Montpellier HSC,FR1,https://www.transfermarkt.co.uk/montpellier-hsc/startseite/verein/969
989,AFC Bournemouth,GB1,https://www.transfermarkt.co.uk/afc-bournemouth/startseite/verein/989
993,Córdoba CF,ES1,https://www.transfermarkt.co.uk/fc-cordoba/startseite/verein/993
1025,Bologna FC 1909,IT1,https://www.transfermarkt.co.uk/fc-bologna/startseite/verein/1025
1082,LOSC Lille,FR1,https://www.transfermarkt.co.uk/losc-lille/startseite/verein/1082
1160,Nîmes Olympique,FR1,https://www.transfermarkt.co.uk/nimes-olympique/startseite/verein/1160
11688,Giresunspor,TR1,https://www.transfermarkt.co.uk/giresunspor/startseite/verein/11688
124,Rangers FC,SC1,https://www.transfermarkt.co.uk/glasgow-rangers/startseite/verein/124
1465,GD Estoril Praia,PO1,https://www.transfermarkt.co.uk/gd-estoril-praia/startseite/verein/1465
2477,Karpaty Lviv (-2021),UKR1,https://www.transfermarkt.co.uk/karpaty-lviv/startseite/verein/2477
2553,Kilmarnock FC,SC1,https://www.transfermarkt.co.uk/kilmarnock-fc/startseite/verein/2553
2672,APO Levadiakos,GR1,https://www.transfermarkt.co.uk/apo-levadiakos/startseite/verein/2672
2740,Vorskla Poltava,UKR1,https://www.transfermarkt.co.uk/vorskla-poltava/startseite/verein/2740
3008,Hull City,GB1,https://www.transfermarkt.co.uk/hull-city/startseite/verein/3008
31,Liverpool FC,GB1,https://www.transfermarkt.co.uk/fc-liverpool/startseite/verein/31
336,Sporting CP,PO1,https://www.transfermarkt.co.uk/sporting-lissabon/startseite/verein/336
3911,Stade Brestois 29,FR1,https://www.transfermarkt.co.uk/stade-brest-29/startseite/verein/3911
4,1.FC Nuremberg,L1,https://www.transfermarkt.co.uk/1-fc-nurnberg/startseite/verein/4
410,Udinese Calcio,IT1,https://www.transfermarkt.co.uk/udinese-calcio/startseite/verein/410
41231,FC Sochi,RU1,https://www.transfermarkt.co.uk/fk-sochi/startseite/verein/41231
4128,Amkar Perm,RU1,https://www.transfermarkt.co.uk/amkar-perm/startseite/verein/4128
449,Trabzonspor,TR1,https://www.transfermarkt.co.uk/trabzonspor/startseite/verein/449
4603,AE Larisa,GR1,https://www.transfermarkt.co.uk/ae-larisa/startseite/verein/4603
55686,Metalist 1925 Kharkiv,UKR1,https://www.transfermarkt.co.uk/metalist-1925-kharkiv/startseite/verein/55686
566,Beerschot AC,BE1,https://www.transfermarkt.co.uk/beerschot-ac/startseite/verein/566
595,SC Bastia,FR1,https://www.transfermarkt.co.uk/sc-bastia/startseite/verein/595
6890,Basaksehir FK,TR1,https://www.transfermarkt.co.uk/istanbul-basaksehir-fk/startseite/verein/6890
7185,Panthrakikos Komotini,GR1,https://www.transfermarkt.co.uk/panthrakikos-komotini/startseite/verein/7185
83678,Metalist Kharkiv,UKR1,https://www.transfermarkt.co.uk/metal-kharkiv/startseite/verein/83678
932,Lokomotiv Moscow,RU1,https://www.transfermarkt.co.uk/lokomotiv-moskau/startseite/verein/932
1010,Watford FC,GB1,https://www.transfermarkt.co.uk/fc-watford/startseite/verein/1010
1108,Deportivo Alavés,ES1,https://www.transfermarkt.co.uk/deportivo-alaves/startseite/verein/1108
1124,Fakel Voronezh,RU1,https://www.transfermarkt.co.uk/fakel-voronezh/startseite/verein/1124
1158,FC Lorient,FR1,https://www.transfermarkt.co.uk/fc-lorient/startseite/verein/1158
1177,Silkeborg IF,DK1,https://www.transfermarkt.co.uk/silkeborg-if/startseite/verein/1177
13,Atlético de Madrid,ES1,https://www.transfermarkt.co.uk/atletico-madrid/startseite/verein/13
131,FC Barcelona,ES1,https://www.transfermarkt.co.uk/fc-barcelona/startseite/verein/131
133,SC Cambuur Leeuwarden,NL1,https://www.transfermarkt.co.uk/sc-cambuur-leeuwarden/startseite/verein/133
141,Galatasaray,TR1,https://www.transfermarkt.co.uk/galatasaray-istanbul/startseite/verein/141
1411,RAEC Mons (- 2015),BE1,https://www.transfermarkt.co.uk/raec-mons/startseite/verein/1411
169,Panionios Athens,GR1,https://www.transfermarkt.co.uk/panionios-athen/startseite/verein/169
18,Borussia Mönchengladbach,L1,https://www.transfermarkt.co.uk/borussia-monchengladbach/startseite/verein/18
18105,PFK Lviv,UKR1,https://www.transfermarkt.co.uk/pfk-lviv/startseite/verein/18105
2036,1.FC Heidenheim 1846,L1,https://www.transfermarkt.co.uk/1-fc-heidenheim-1846/startseite/verein/2036
273,Stade Rennais FC,FR1,https://www.transfermarkt.co.uk/fc-stade-rennes/startseite/verein/273
3325,GD Chaves,PO1,https://www.transfermarkt.co.uk/gd-chaves/startseite/verein/3325
3327,FC Penafiel,PO1,https://www.transfermarkt.co.uk/fc-penafiel/startseite/verein/3327
366,Real Valladolid CF,ES1,https://www.transfermarkt.co.uk/real-valladolid/startseite/verein/366
4294,SC Farense,PO1,https://www.transfermarkt.co.uk/sc-farense/startseite/verein/4294
458,Palermo FC,IT1,https://www.transfermarkt.co.uk/palermo-fc/startseite/verein/458
46,Inter Milan,IT1,https://www.transfermarkt.co.uk/inter-mailand/startseite/verein/46
5220,GS Ergotelis,GR1,https://www.transfermarkt.co.uk/gs-ergotelis/startseite/verein/5220
5572,Niki Volou,GR1,https://www.transfermarkt.co.uk/niki-volou/startseite/verein/5572
5817,SönderjyskE,DK1,https://www.transfermarkt.co.uk/sonderjyske/startseite/verein/5817
605,Aris Thessaloniki,GR1,https://www.transfermarkt.co.uk/aris-thessaloniki/startseite/verein/605
995,FC Nantes,FR1,https://www.transfermarkt.co.uk/fc-nantes/startseite/verein/995
1003,Leicester City,GB1,https://www.transfermarkt.co.uk/leicester-city/startseite/verein/1003
1237,Brighton & Hove Albion,GB1,https://www.transfermarkt.co.uk/brighton-amp-hove-albion/startseite/verein/1237
1436,SC Beira-Mar,PO1,https://www.transfermarkt.co.uk/sc-beira-mar/startseite/verein/1436
1455,FC Dordrecht,NL1,https://www.transfermarkt.co.uk/fc-dordrecht/startseite/verein/1455
14589,FK Orenburg,RU1,https://www.transfermarkt.co.uk/fk-orenburg/startseite/verein/14589
1519,Dundee United FC,SC1,https://www.transfermarkt.co.uk/dundee-united-fc/startseite/verein/1519
16239,Desna Chernigiv,UKR1,https://www.transfermarkt.co.uk/desna-chernigiv/startseite/verein/16239
173,Odense Boldklub,DK1,https://www.transfermarkt.co.uk/odense-boldklub/startseite/verein/173
200,FC Utrecht,NL1,https://www.transfermarkt.co.uk/fc-utrecht/startseite/verein/200
206,Bröndby IF,DK1,https://www.transfermarkt.co.uk/brondby-if/startseite/verein/206
2715,RFC Seraing,BE1,https://www.transfermarkt.co.uk/rfc-seraing/startseite/verein/2715
28956,AEL Kalloni,GR1,https://www.transfermarkt.co.uk/ael-kalloni/startseite/verein/28956
2969,Dijon FCO,FR1,https://www.transfermarkt.co.uk/dijon-fco/startseite/verein/2969
2995,FC Paços de Ferreira,PO1,https://www.transfermarkt.co.uk/fc-pacos-de-ferreira/startseite/verein/2995
3426,Esbjerg fB,DK1,https://www.transfermarkt.co.uk/esbjerg-fb/startseite/verein/3426
3522,Spezia Calcio,IT1,https://www.transfermarkt.co.uk/spezia-calcio/startseite/verein/3522
3609,Rotor Volgograd,RU1,https://www.transfermarkt.co.uk/rotor-volgograd/startseite/verein/3609
39097,FK Obolon Kyiv,UKR1,https://www.transfermarkt.co.uk/fk-obolon-kiew/startseite/verein/39097
39722,Erzurumspor FK,TR1,https://www.transfermarkt.co.uk/buyuksehir-belediye-erzurumspor/startseite/verein/39722
40,FC Girondins Bordeaux,FR1,https://www.transfermarkt.co.uk/fc-girondins-bordeaux/startseite/verein/40
41274,Beerschot V.A.,BE1,https://www.transfermarkt.co.uk/beerschot-v-a-/startseite/verein/41274
43,Heart of Midlothian FC,SC1,https://www.transfermarkt.co.uk/heart-of-midlothian-fc/startseite/verein/43
47,Iraklis Thessaloniki,GR1,https://www.transfermarkt.co.uk/iraklis-thessaloniki/startseite/verein/47
4750,SC Olhanense,PO1,https://www.transfermarkt.co.uk/sc-olhanense/startseite/verein/4750
589,Antalyaspor,TR1,https://www.transfermarkt.co.uk/antalyaspor/startseite/verein/589
6,Adanaspor,TR1,https://www.transfermarkt.co.uk/adanaspor/startseite/verein/6
6195,SSC Napoli,IT1,https://www.transfermarkt.co.uk/ssc-neapel/startseite/verein/6195
82,VfL Wolfsburg,L1,https://www.transfermarkt.co.uk/vfl-wolfsburg/startseite/verein/82
1050,Villarreal CF,ES1,https://www.transfermarkt.co.uk/fc-villarreal/startseite/verein/1050
1096,Royal Antwerp FC,BE1,https://www.transfermarkt.co.uk/royal-antwerpen-fc/startseite/verein/1096
1147,AC Ajaccio,FR1,https://www.transfermarkt.co.uk/ac-ajaccio/startseite/verein/1147
130,Parma Calcio 1913,IT1,https://www.transfermarkt.co.uk/parma-calcio-1913/startseite/verein/130
1429,Cesena FC,IT1,https://www.transfermarkt.co.uk/cesena-fc/startseite/verein/1429
15,Bayer 04 Leverkusen,L1,https://www.transfermarkt.co.uk/bayer-04-leverkusen/startseite/verein/15
16247,PFK Stal Kamyanske (-2018),UKR1,https://www.transfermarkt.co.uk/pfk-stal-kamyanske/startseite/verein/16247
20100,FC Vestsjaelland,DK1,https://www.transfermarkt.co.uk/fc-vestsjaelland/startseite/verein/20100
20698,Balikesirspor,TR1,https://www.transfermarkt.co.uk/balikesirspor/startseite/verein/20698
2323,Orduspor,TR1,https://www.transfermarkt.co.uk/orduspor/startseite/verein/2323
2722,SPAL,IT1,https://www.transfermarkt.co.uk/spal/startseite/verein/2722
276,Hellas Verona,IT1,https://www.transfermarkt.co.uk/hellas-verona/startseite/verein/276
3329,FC Famalicão,PO1,https://www.transfermarkt.co.uk/fc-famalicao/startseite/verein/3329
3691,Tom Tomsk,RU1,https://www.transfermarkt.co.uk/tom-tomsk/startseite/verein/3691
370,Aberdeen FC,SC1,https://www.transfermarkt.co.uk/aberdeen-fc/startseite/verein/370
475,Sint-Truidense VV,BE1,https://www.transfermarkt.co.uk/vv-st-truiden/startseite/verein/475
49364,Ingulets Petrove,UKR1,https://www.transfermarkt.co.uk/ingulets-petrove/startseite/verein/49364
498,KSC Lokeren (- 2020),BE1,https://www.transfermarkt.co.uk/ksc-lokeren/startseite/verein/498
524,Gaziantepspor (- 2020),TR1,https://www.transfermarkt.co.uk/gaziantepspor/startseite/verein/524
553,Ionikos Nikeas,GR1,https://www.transfermarkt.co.uk/ionikos-nikeas/startseite/verein/553
642,De Graafschap Doetinchem,NL1,https://www.transfermarkt.co.uk/de-graafschap-doetinchem/startseite/verein/642
6676,Asteras Tripolis,GR1,https://www.transfermarkt.co.uk/asteras-tripolis/startseite/verein/6676
703,Nottingham Forest,GB1,https://www.transfermarkt.co.uk/nottingham-forest/startseite/verein/703
80,VfL Bochum,L1,https://www.transfermarkt.co.uk/vfl-bochum/startseite/verein/80
976,CF União Madeira (-2021),PO1,https://www.transfermarkt.co.uk/cf-uniao-madeira/startseite/verein/976
1031,Luton Town,GB1,https://www.transfermarkt.co.uk/luton-town/startseite/verein/1031
1071,Wigan Athletic,GB1,https://www.transfermarkt.co.uk/wigan-athletic/startseite/verein/1071
1090,AZ Alkmaar,NL1,https://www.transfermarkt.co.uk/az-alkmaar/startseite/verein/1090
1110,Huddersfield Town,GB1,https://www.transfermarkt.co.uk/huddersfield-town/startseite/verein/1110
11126,Mordovia Saransk (-2020),RU1,https://www.transfermarkt.co.uk/mordovia-saransk/startseite/verein/11126
1159,AS Nancy-Lorraine,FR1,https://www.transfermarkt.co.uk/as-nancy-lorraine/startseite/verein/1159
12438,Volga Nizhniy Novgorod (- 2016),RU1,https://www.transfermarkt.co.uk/volga-nizhniy-novgorod/startseite/verein/12438
1301,CS Marítimo,PO1,https://www.transfermarkt.co.uk/cs-maritimo/startseite/verein/1301
1304,Heracles Almelo,NL1,https://www.transfermarkt.co.uk/heracles-almelo/startseite/verein/1304
1421,Stade Reims,FR1,https://www.transfermarkt.co.uk/stade-reims/startseite/verein/1421
1423,Valenciennes FC,FR1,https://www.transfermarkt.co.uk/fc-valenciennes/startseite/verein/1423
162,AS Monaco,FR1,https://www.transfermarkt.co.uk/as-monaco/startseite/verein/162
20,Bursaspor,TR1,https://www.transfermarkt.co.uk/bursaspor/startseite/verein/20
235,RKC Waalwijk,NL1,https://www.transfermarkt.co.uk/rkc-waalwijk/startseite/verein/235
24,Eintracht Frankfurt,L1,https://www.transfermarkt.co.uk/eintracht-frankfurt/startseite/verein/24
2441,AEK Athens,GR1,https://www.transfermarkt.co.uk/aek-athen/startseite/verein/2441
2861,KV Oostende,BE1,https://www.transfermarkt.co.uk/kv-oostende/startseite/verein/2861
294,SL Benfica,PO1,https://www.transfermarkt.co.uk/benfica-lissabon/startseite/verein/294
3060,Atromitos Athens,GR1,https://www.transfermarkt.co.uk/atromitos-athen/startseite/verein/3060
331,CA Osasuna,ES1,https://www.transfermarkt.co.uk/ca-osasuna/startseite/verein/331
3336,Desportivo Aves (- 2020),PO1,https://www.transfermarkt.co.uk/desportivo-aves/startseite/verein/3336
3709,Getafe CF,ES1,https://www.transfermarkt.co.uk/fc-getafe/startseite/verein/3709
383,PSV Eindhoven,NL1,https://www.transfermarkt.co.uk/psv-eindhoven/startseite/verein/383
499,Vitesse Arnhem,NL1,https://www.transfermarkt.co.uk/vitesse-arnheim/startseite/verein/499
610,Ajax Amsterdam,NL1,https://www.transfermarkt.co.uk/ajax-amsterdam/startseite/verein/610
6414,Metalist Kharkiv (- 2016),UKR1,https://www.transfermarkt.co.uk/metalist-kharkiv/startseite/verein/6414
6993,FK Mariupol,UKR1,https://www.transfermarkt.co.uk/fk-mariupol/startseite/verein/6993
750,FC Sochaux-Montbéliard,FR1,https://www.transfermarkt.co.uk/fc-sochaux-montbeliard/startseite/verein/750
762,Newcastle United,GB1,https://www.transfermarkt.co.uk/newcastle-united/startseite/verein/762
825,Eskisehirspor,TR1,https://www.transfermarkt.co.uk/eskisehirspor/startseite/verein/825
1041,Olympique Lyon,FR1,https://www.transfermarkt.co.uk/olympique-lyon/startseite/verein/1041
10690,Zorya Lugansk,UKR1,https://www.transfermarkt.co.uk/zorya-lugansk/startseite/verein/10690
1084,Málaga CF,ES1,https://www.transfermarkt.co.uk/fc-malaga/startseite/verein/1084
1148,Brentford FC,GB1,https://www.transfermarkt.co.uk/fc-brentford/startseite/verein/1148
1162,SM Caen,FR1,https://www.transfermarkt.co.uk/sm-caen/startseite/verein/1162
1184,KRC Genk,BE1,https://www.transfermarkt.co.uk/krc-genk/startseite/verein/1184
1186,Torpedo Moscow,RU1,https://www.transfermarkt.co.uk/torpedo-moskau/startseite/verein/1186
128,AO Xanthi,GR1,https://www.transfermarkt.co.uk/ao-xanthi/startseite/verein/128
1283,FC Emmen,NL1,https://www.transfermarkt.co.uk/fc-emmen/startseite/verein/1283
142,Real Zaragoza,ES1,https://www.transfermarkt.co.uk/real-saragossa/startseite/verein/142
16,Borussia Dortmund,L1,https://www.transfermarkt.co.uk/borussia-dortmund/startseite/verein/16
202,FC Groningen,NL1,https://www.transfermarkt.co.uk/fc-groningen/startseite/verein/202
2288,Swansea City,GB1,https://www.transfermarkt.co.uk/swansea-city/startseite/verein/2288
237,RCD Mallorca,ES1,https://www.transfermarkt.co.uk/rcd-mallorca/startseite/verein/237
2381,Sivasspor,TR1,https://www.transfermarkt.co.uk/sivasspor/startseite/verein/2381
2423,CD Santa Clara,PO1,https://www.transfermarkt.co.uk/cd-santa-clara/startseite/verein/2423
2425,Rio Ave FC,PO1,https://www.transfermarkt.co.uk/rio-ave-fc/startseite/verein/2425
2451,Inverness Caledonian Thistle FC,SC1,https://www.transfermarkt.co.uk/inverness-caledonian-thistle-fc/startseite/verein/2451
265,Panathinaikos Athens,GR1,https://www.transfermarkt.co.uk/panathinaikos-athen/startseite/verein/265
2832,Gaziantep FK,TR1,https://www.transfermarkt.co.uk/gaziantep-fk/startseite/verein/2832
3558,GFC Ajaccio,FR1,https://www.transfermarkt.co.uk/gfc-ajaccio/startseite/verein/3558
4102,AC Carpi,IT1,https://www.transfermarkt.co.uk/carpi-fc-1909/startseite/verein/4102
42,Hannover 96,L1,https://www.transfermarkt.co.uk/hannover-96/startseite/verein/42
641,Middlesbrough FC,GB1,https://www.transfermarkt.co.uk/fc-middlesbrough/startseite/verein/641
667,RC Strasbourg Alsace,FR1,https://www.transfermarkt.co.uk/rc-strassburg-alsace/startseite/verein/667
681,Real Sociedad,ES1,https://www.transfermarkt.co.uk/real-sociedad-san-sebastian/startseite/verein/681
873,Crystal Palace,GB1,https://www.transfermarkt.co.uk/crystal-palace/startseite/verein/873
1032,Reading FC,GB1,https://www.transfermarkt.co.uk/fc-reading/startseite/verein/1032
1039,Queens Park Rangers,GB1,https://www.transfermarkt.co.uk/queens-park-rangers/startseite/verein/1039
1244,CD Leganés,ES1,https://www.transfermarkt.co.uk/cd-leganes/startseite/verein/1244
14171,Thonon Évian Grand Genève FC,FR1,https://www.transfermarkt.co.uk/thonon-evian-grand-geneve-fc/startseite/verein/14171
16704,FK Krasnodar,RU1,https://www.transfermarkt.co.uk/fk-krasnodar/startseite/verein/16704
19771,Akhisarspor,TR1,https://www.transfermarkt.co.uk/akhisarspor/startseite/verein/19771
244,Olympique Marseille,FR1,https://www.transfermarkt.co.uk/olympique-marseille/startseite/verein/244
29228,Royal Excel Mouscron (-2022),BE1,https://www.transfermarkt.co.uk/royal-excel-mouscron/startseite/verein/29228
3216,Mersin Talimyurdu SK,TR1,https://www.transfermarkt.co.uk/mersin-idmanyurdu/startseite/verein/3216
3508,SV Zulte Waregem,BE1,https://www.transfermarkt.co.uk/sv-zulte-waregem/startseite/verein/3508
354,KV Mechelen,BE1,https://www.transfermarkt.co.uk/kv-mechelen/startseite/verein/354
367,Rayo Vallecano,ES1,https://www.transfermarkt.co.uk/rayo-vallecano/startseite/verein/367
379,West Ham United,GB1,https://www.transfermarkt.co.uk/west-ham-united/startseite/verein/379
380,US Salernitana 1919,IT1,https://www.transfermarkt.co.uk/us-salernitana-1919/startseite/verein/380
403,Willem II Tilburg,NL1,https://www.transfermarkt.co.uk/willem-ii-tilburg/startseite/verein/403
40426,FC Tosno (-2018),RU1,https://www.transfermarkt.co.uk/fk-tosno/startseite/verein/40426
41,Hamburger SV,L1,https://www.transfermarkt.co.uk/hamburger-sv/startseite/verein/41
443,Vejle Boldklub,DK1,https://www.transfermarkt.co.uk/vejle-boldklub/startseite/verein/443
5724,Randers FC,DK1,https://www.transfermarkt.co.uk/randers-fc/startseite/verein/5724
601,KV Kortrijk,BE1,https://www.transfermarkt.co.uk/kv-kortrijk/startseite/verein/601
79,VfB Stuttgart,L1,https://www.transfermarkt.co.uk/vfb-stuttgart/startseite/verein/79
86,SV Werder Bremen,L1,https://www.transfermarkt.co.uk/sv-werder-bremen/startseite/verein/86
931,Fulham FC,GB1,https://www.transfermarkt.co.uk/fc-fulham/startseite/verein/931
964,Zenit St. Petersburg,RU1,https://www.transfermarkt.co.uk/zenit-st-petersburg/startseite/verein/964
1123,Norwich City,GB1,https://www.transfermarkt.co.uk/norwich-city/startseite/verein/1123
1268,ADO Den Haag,NL1,https://www.transfermarkt.co.uk/ado-den-haag/startseite/verein/1268
1506,Kardemir Karabükspor,TR1,https://www.transfermarkt.co.uk/kardemir-karabukspor/startseite/verein/1506
1531,Elche CF,ES1,https://www.transfermarkt.co.uk/fc-elche/startseite/verein/1531
2282,Club Brugge KV,BE1,https://www.transfermarkt.co.uk/fc-brugge/startseite/verein/2282
2293,Konyaspor,TR1,https://www.transfermarkt.co.uk/konyaspor/startseite/verein/2293
23611,Olimpik Donetsk,UKR1,https://www.transfermarkt.co.uk/olimpik-donetsk/startseite/verein/23611
2431,CF Estrela Amadora SAD,PO1,https://www.transfermarkt.co.uk/cf-estrela-amadora-sad/startseite/verein/2431
2698,Rubin Kazan,RU1,https://www.transfermarkt.co.uk/rubin-kazan/startseite/verein/2698
2760,Partick Thistle FC,SC1,https://www.transfermarkt.co.uk/partick-thistle-fc/startseite/verein/2760
2944,Ankaraspor,TR1,https://www.transfermarkt.co.uk/ankaraspor/startseite/verein/2944
36,Fenerbahce,TR1,https://www.transfermarkt.co.uk/fenerbahce-istanbul/startseite/verein/36
385,Fortuna Sittard,NL1,https://www.transfermarkt.co.uk/fortuna-sittard/startseite/verein/385
468,Sparta Rotterdam,NL1,https://www.transfermarkt.co.uk/sparta-rotterdam/startseite/verein/468
583,Paris Saint-Germain,FR1,https://www.transfermarkt.co.uk/fc-paris-saint-germain/startseite/verein/583
621,Athletic Bilbao,ES1,https://www.transfermarkt.co.uk/athletic-bilbao/startseite/verein/621
65,SpVgg Greuther Fürth,L1,https://www.transfermarkt.co.uk/spvgg-greuther-furth/startseite/verein/65
6646,Fatih Karagümrük,TR1,https://www.transfermarkt.co.uk/fatih-karagumruk/startseite/verein/6646
683,Olympiacos Piraeus,GR1,https://www.transfermarkt.co.uk/olympiakos-piraus/startseite/verein/683
723,Almere City FC,NL1,https://www.transfermarkt.co.uk/almere-city-fc/startseite/verein/723
855,EA Guingamp,FR1,https://www.transfermarkt.co.uk/ea-guingamp/startseite/verein/855
924,Istanbulspor,TR1,https://www.transfermarkt.co.uk/istanbulspor/startseite/verein/924
968,KVC Westerlo,BE1,https://www.transfermarkt.co.uk/kvc-westerlo/startseite/verein/968
985,Manchester United,GB1,https://www.transfermarkt.co.uk/manchester-united/startseite/verein/985
11282,Alanyaspor,TR1,https://www.transfermarkt.co.uk/alanyaspor/startseite/verein/11282
1132,Burnley FC,GB1,https://www.transfermarkt.co.uk/fc-burnley/startseite/verein/1132
1435,Go Ahead Eagles,NL1,https://www.transfermarkt.co.uk/go-ahead-eagles-deventer/startseite/verein/1435
150,Real Betis Balompié,ES1,https://www.transfermarkt.co.uk/real-betis-sevilla/startseite/verein/150
152,Samsunspor,TR1,https://www.transfermarkt.co.uk/samsunspor/startseite/verein/152
172,RSC Charleroi,BE1,https://www.transfermarkt.co.uk/rsc-charleroi/startseite/verein/172
18303,FK Oleksandriya,UKR1,https://www.transfermarkt.co.uk/fk-oleksandriya/startseite/verein/18303
2410,CSKA Moscow,RU1,https://www.transfermarkt.co.uk/zska-moskau/startseite/verein/2410
2503,Boavista FC,PO1,https://www.transfermarkt.co.uk/boavista-porto-fc/startseite/verein/2503
26459,NK Veres Rivne,UKR1,https://www.transfermarkt.co.uk/nk-veres-rivne/startseite/verein/26459
2671,PAS Giannina,GR1,https://www.transfermarkt.co.uk/pas-giannina/startseite/verein/2671
2700,Anzhi Makhachkala ( -2022),RU1,https://www.transfermarkt.co.uk/anzhi-makhachkala/startseite/verein/2700
28095,FK Ufa,RU1,https://www.transfermarkt.co.uk/fk-ufa/startseite/verein/28095
2999,Hamilton Academical FC,SC1,https://www.transfermarkt.co.uk/hamilton-academical-fc/startseite/verein/2999
3368,Levante UD,ES1,https://www.transfermarkt.co.uk/ud-levante/startseite/verein/3368
338,Dynamo Kyiv,UKR1,https://www.transfermarkt.co.uk/dynamo-kiew/startseite/verein/338
371,Celtic FC,SC1,https://www.transfermarkt.co.uk/celtic-glasgow/startseite/verein/371
506,Juventus FC,IT1,https://www.transfermarkt.co.uk/juventus-turin/startseite/verein/506
618,AS Saint-Étienne,FR1,https://www.transfermarkt.co.uk/as-saint-etienne/startseite/verein/618
6992,Chornomorets Odessa,UKR1,https://www.transfermarkt.co.uk/chornomorets-odessa/startseite/verein/6992
820,Genclerbirligi Ankara,TR1,https://www.transfermarkt.co.uk/genclerbirligi-ankara/startseite/verein/820
1083,FK Rostov,RU1,https://www.transfermarkt.co.uk/fk-rostov/startseite/verein/1083
1095,ESTAC Troyes,FR1,https://www.transfermarkt.co.uk/es-troyes-ac/startseite/verein/1095
121,Dynamo Moscow,RU1,https://www.transfermarkt.co.uk/dinamo-moskau/startseite/verein/121
1420,Angers SCO,FR1,https://www.transfermarkt.co.uk/sco-angers/startseite/verein/1420
16245,FK Sevastopol (- 2014),UKR1,https://www.transfermarkt.co.uk/fk-sevastopol/startseite/verein/16245
22110,FC Helsingör,DK1,https://www.transfermarkt.co.uk/fc-helsingor/startseite/verein/22110
23826,RB Leipzig,L1,https://www.transfermarkt.co.uk/rasenballsport-leipzig/startseite/verein/23826
24245,Ümraniyespor,TR1,https://www.transfermarkt.co.uk/umraniyespor/startseite/verein/24245
2687,Cádiz CF,ES1,https://www.transfermarkt.co.uk/fc-cadiz/startseite/verein/2687
2696,Krylya Sovetov Samara,RU1,https://www.transfermarkt.co.uk/krylya-sovetov-samara/startseite/verein/2696
2919,AC Monza,IT1,https://www.transfermarkt.co.uk/ac-monza/startseite/verein/2919
317,Twente Enschede FC,NL1,https://www.transfermarkt.co.uk/fc-twente-enschede/startseite/verein/317
3209,Pendikspor,TR1,https://www.transfermarkt.co.uk/pendikspor/startseite/verein/3209
339,Dnipro Dnipropetrovsk (-2020),UKR1,https://www.transfermarkt.co.uk/dnipro-dnipropetrovsk/startseite/verein/339
3524,Clermont Foot 63,FR1,https://www.transfermarkt.co.uk/clermont-foot-63/startseite/verein/3524
398,SS Lazio,IT1,https://www.transfermarkt.co.uk/lazio-rom/startseite/verein/398
4171,Benevento Calcio,IT1,https://www.transfermarkt.co.uk/benevento-calcio/startseite/verein/4171
418,Real Madrid,ES1,https://www.transfermarkt.co.uk/real-madrid/startseite/verein/418
49702,FC Pari Nizhniy Novgorod,RU1,https://www.transfermarkt.co.uk/fk-nizhny-novgorod/startseite/verein/49702
54189,RWD Molenbeek,BE1,https://www.transfermarkt.co.uk/rwd-molenbeek/startseite/verein/54189
6574,US Sassuolo,IT1,https://www.transfermarkt.co.uk/us-sassuolo/startseite/verein/6574
7179,CD Tondela,PO1,https://www.transfermarkt.co.uk/cd-tondela/startseite/verein/7179
720,FC Porto,PO1,https://www.transfermarkt.co.uk/fc-porto/startseite/verein/720
738,Le Havre AC,FR1,https://www.transfermarkt.co.uk/ac-le-havre/startseite/verein/738
89,1.FC Union Berlin,L1,https://www.transfermarkt.co.uk/1-fc-union-berlin/startseite/verein/89
940,Celta de Vigo,ES1,https://www.transfermarkt.co.uk/celta-vigo/startseite/verein/940
1387,Siena FC,IT1,https://www.transfermarkt.co.uk/acn-siena-1904/startseite/verein/1387
1390,Cagliari Calcio,IT1,https://www.transfermarkt.co.uk/cagliari-calcio/startseite/verein/1390
1416,Amiens SC,FR1,https://www.transfermarkt.co.uk/amiens-sc/startseite/verein/1416
1467,Göztepe,TR1,https://www.transfermarkt.co.uk/goztepe/startseite/verein/1467
167,FC Augsburg,L1,https://www.transfermarkt.co.uk/fc-augsburg/startseite/verein/167
232,Spartak Moscow,RU1,https://www.transfermarkt.co.uk/spartak-moskau/startseite/verein/232
2420,Vitória Guimarães SC,PO1,https://www.transfermarkt.co.uk/vitoria-guimaraes-sc/startseite/verein/2420
2424,Gil Vicente FC,PO1,https://www.transfermarkt.co.uk/gil-vicente-fc/startseite/verein/2424
2439,Kuban Krasnodar (-2018),RU1,https://www.transfermarkt.co.uk/kuban-krasnodar/startseite/verein/2439
2703,Spartak Vladikavkaz (-2020),RU1,https://www.transfermarkt.co.uk/spartak-vladikavkaz/startseite/verein/2703
289,Sunderland AFC,GB1,https://www.transfermarkt.co.uk/afc-sunderland/startseite/verein/289
2921,Delfino Pescara 1936,IT1,https://www.transfermarkt.co.uk/delfino-pescara-1936/startseite/verein/2921
3,1.FC Köln,L1,https://www.transfermarkt.co.uk/1-fc-koln/startseite/verein/3
3719,FK Khimki,RU1,https://www.transfermarkt.co.uk/fk-khimki/startseite/verein/3719
3729,Arsenal Tula,RU1,https://www.transfermarkt.co.uk/arsenal-tula/startseite/verein/3729
3840,Adana Demirspor,TR1,https://www.transfermarkt.co.uk/adana-demirspor/startseite/verein/3840
430,ACF Fiorentina,IT1,https://www.transfermarkt.co.uk/ac-florenz/startseite/verein/430
4482,Volyn Lutsk,UKR1,https://www.transfermarkt.co.uk/volyn-lutsk/startseite/verein/4482
48726,Rukh Lviv,UKR1,https://www.transfermarkt.co.uk/rukh-lviv/startseite/verein/48726
5,AC Milan,IT1,https://www.transfermarkt.co.uk/ac-mailand/startseite/verein/5
512,Stoke City,GB1,https://www.transfermarkt.co.uk/stoke-city/startseite/verein/512
5818,Hobro IK,DK1,https://www.transfermarkt.co.uk/hobro-ik/startseite/verein/5818
60949,Volos NPS,GR1,https://www.transfermarkt.co.uk/volos-nps/startseite/verein/60949
678,Aarhus GF,DK1,https://www.transfermarkt.co.uk/aarhus-gf/startseite/verein/678
7775,Hatayspor,TR1,https://www.transfermarkt.co.uk/hatayspor/startseite/verein/7775
826,RC Lens,FR1,https://www.transfermarkt.co.uk/rc-lens/startseite/verein/826
8838,Zirka Kropyvnytskyi,UKR1,https://www.transfermarkt.co.uk/zirka-kropyvnytskyi/startseite/verein/8838
897,Deportivo de La Coruña,ES1,https://www.transfermarkt.co.uk/deportivo-la-coruna/startseite/verein/897
987,Motherwell FC,SC1,https://www.transfermarkt.co.uk/motherwell-fc/startseite/verein/987
1063,Viborg FF,DK1,https://www.transfermarkt.co.uk/viborg-ff/startseite/verein/1063
1085,Vitória Setúbal FC,PO1,https://www.transfermarkt.co.uk/vitoria-setubal-fc/startseite/verein/1085
11,Arsenal FC,GB1,https://www.transfermarkt.co.uk/fc-arsenal/startseite/verein/11
126,Caykur Rizespor,TR1,https://www.transfermarkt.co.uk/caykur-rizespor/startseite/verein/126
1627,Catania FC,IT1,https://www.transfermarkt.co.uk/catania-calcio/startseite/verein/1627
16795,Granada CF,ES1,https://www.transfermarkt.co.uk/fc-granada/startseite/verein/16795
204,Lierse SK (- 2018),BE1,https://www.transfermarkt.co.uk/lierse-sk/startseite/verein/204
2227,SK Tavriya Simferopol ( - 2022),UKR1,https://www.transfermarkt.co.uk/sk-tavriya-simferopol/startseite/verein/2227
2239,US Cremonese,IT1,https://www.transfermarkt.co.uk/us-cremonese/startseite/verein/2239
252,Genoa CFC,IT1,https://www.transfermarkt.co.uk/genua-cfc/startseite/verein/252
281,Manchester City,GB1,https://www.transfermarkt.co.uk/manchester-city/startseite/verein/281
3302,UD Almería,ES1,https://www.transfermarkt.co.uk/ud-almeria/startseite/verein/3302
39,1.FSV Mainz 05,L1,https://www.transfermarkt.co.uk/1-fsv-mainz-05/startseite/verein/39
3999,PAS Lamia 1964,GR1,https://www.transfermarkt.co.uk/pas-lamia-1964/startseite/verein/3999
405,Aston Villa,GB1,https://www.transfermarkt.co.uk/aston-villa/startseite/verein/405
441,Apollon Smyrnis,GR1,https://www.transfermarkt.co.uk/apollon-smyrnis/startseite/verein/441
5219,AOK Kerkyra,GR1,https://www.transfermarkt.co.uk/aok-kerkyra/startseite/verein/5219
543,Wolverhampton Wanderers,GB1,https://www.transfermarkt.co.uk/wolverhampton-wanderers/startseite/verein/543
60,SC Freiburg,L1,https://www.transfermarkt.co.uk/sc-freiburg/startseite/verein/60
61825,FK Minaj,UKR1,https://www.transfermarkt.co.uk/fk-minaj/startseite/verein/61825
63007,LNZ Cherkasy,UKR1,https://www.transfermarkt.co.uk/lnz-lebedyn/startseite/verein/63007
660,Shakhtar Donetsk,UKR1,https://www.transfermarkt.co.uk/shakhtar-donetsk/startseite/verein/660
6894,Kayseri Erciyesspor,TR1,https://www.transfermarkt.co.uk/kayseri-erciyesspor/startseite/verein/6894
6912,FC Vizela,PO1,https://www.transfermarkt.co.uk/fc-vizela/startseite/verein/6912
714,RCD Espanyol Barcelona,ES1,https://www.transfermarkt.co.uk/espanyol-barcelona/startseite/verein/714
798,Excelsior Rotterdam,NL1,https://www.transfermarkt.co.uk/sbv-excelsior-rotterdam/startseite/verein/798
862,Chievo Verona,IT1,https://www.transfermarkt.co.uk/chievo-verona/startseite/verein/862
8970,Frosinone Calcio,IT1,https://www.transfermarkt.co.uk/frosinone-calcio/startseite/verein/8970
9007,Arsenal Kyiv,UKR1,https://www.transfermarkt.co.uk/arsenal-kiew/startseite/verein/9007
12321,Girona FC,ES1,https://www.transfermarkt.co.uk/fc-girona/startseite/verein/12321
1241,Livingston FC,SC1,https://www.transfermarkt.co.uk/livingston-fc/startseite/verein/1241
127,SC Paderborn 07,L1,https://www.transfermarkt.co.uk/sc-paderborn-07/startseite/verein/127
19,Brescia Calcio,IT1,https://www.transfermarkt.co.uk/brescia-calcio/startseite/verein/19
23,Eintracht Braunschweig,L1,https://www.transfermarkt.co.uk/eintracht-braunschweig/startseite/verein/23
33,FC Schalke 04,L1,https://www.transfermarkt.co.uk/fc-schalke-04/startseite/verein/33
350,Sheffield United,GB1,https://www.transfermarkt.co.uk/sheffield-united/startseite/verein/350
3592,Kryvbas Kryvyi Rig,UKR1,https://www.transfermarkt.co.uk/kryvbas-kryvyi-rig/startseite/verein/3592
369,Lyngby BK,DK1,https://www.transfermarkt.co.uk/lyngby-bk/startseite/verein/369
3725,Akhmat Grozny,RU1,https://www.transfermarkt.co.uk/akhmat-grozny/startseite/verein/3725
41201,PFK Tambov (-2021),RU1,https://www.transfermarkt.co.uk/pfk-tambov/startseite/verein/41201
472,UD Las Palmas,ES1,https://www.transfermarkt.co.uk/ud-las-palmas/startseite/verein/472
520,Cercle Brugge,BE1,https://www.transfermarkt.co.uk/cercle-brugge/startseite/verein/520
6418,Panetolikos GFS,GR1,https://www.transfermarkt.co.uk/panetolikos-gfs/startseite/verein/6418
653,OFI Crete FC,GR1,https://www.transfermarkt.co.uk/ofi-kreta/startseite/verein/653
6994,Metalurg Zaporizhya (-2016),UKR1,https://www.transfermarkt.co.uk/metalurg-zaporizhya-bis-2016-/startseite/verein/6994
7378,Portimonense SC,PO1,https://www.transfermarkt.co.uk/portimonense-sc/startseite/verein/7378
982,CD Nacional,PO1,https://www.transfermarkt.co.uk/cd-nacional/startseite/verein/982
1005,US Lecce,IT1,https://www.transfermarkt.co.uk/us-lecce/startseite/verein/1005
1038,UC Sampdoria,IT1,https://www.transfermarkt.co.uk/sampdoria-genua/startseite/verein/1038
1091,PAOK Thessaloniki,GR1,https://www.transfermarkt.co.uk/paok-thessaloniki/startseite/verein/1091
1210,US Livorno 1915,IT1,https://www.transfermarkt.co.uk/as-livorno/startseite/verein/1210
1245,KAS Eupen,BE1,https://www.transfermarkt.co.uk/kas-eupen/startseite/verein/1245
1426,VVV-Venlo,NL1,https://www.transfermarkt.co.uk/vvv-venlo/startseite/verein/1426
1533,SD Eibar,ES1,https://www.transfermarkt.co.uk/sd-eibar/startseite/verein/1533
180,Southampton FC,GB1,https://www.transfermarkt.co.uk/fc-southampton/startseite/verein/180
19657,Vendsyssel FF,DK1,https://www.transfermarkt.co.uk/vendsyssel-ff/startseite/verein/19657
234,Feyenoord Rotterdam,NL1,https://www.transfermarkt.co.uk/feyenoord-rotterdam/startseite/verein/234
2375,Altay SK,TR1,https://www.transfermarkt.co.uk/altay-sk/startseite/verein/2375
2448,Sporting Gijón,ES1,https://www.transfermarkt.co.uk/sporting-gijon/startseite/verein/2448
2741,Baltika Kaliningrad,RU1,https://www.transfermarkt.co.uk/baltika-kaliningrad/startseite/verein/2741
2783,Metalurg Donetsk (- 2015),UKR1,https://www.transfermarkt.co.uk/metalurg-donetsk/startseite/verein/2783
3205,Kayserispor,TR1,https://www.transfermarkt.co.uk/kayserispor/startseite/verein/3205
3349,CD Feirense,PO1,https://www.transfermarkt.co.uk/cd-feirense/startseite/verein/3349
3385,Panserraikos,GR1,https://www.transfermarkt.co.uk/panserraikos/startseite/verein/3385
368,Sevilla FC,ES1,https://www.transfermarkt.co.uk/fc-sevilla/startseite/verein/368
38,Fortuna Düsseldorf,L1,https://www.transfermarkt.co.uk/fortuna-dusseldorf/startseite/verein/38
3948,Royale Union Saint-Gilloise,BE1,https://www.transfermarkt.co.uk/royale-union-saint-gilloise/startseite/verein/3948
415,FC Toulouse,FR1,https://www.transfermarkt.co.uk/fc-toulouse/startseite/verein/415
416,Torino FC,IT1,https://www.transfermarkt.co.uk/fc-turin/startseite/verein/416
417,OGC Nice,FR1,https://www.transfermarkt.co.uk/ogc-nizza/startseite/verein/417
44,Hertha BSC,L1,https://www.transfermarkt.co.uk/hertha-bsc/startseite/verein/44
467,NEC Nijmegen,NL1,https://www.transfermarkt.co.uk/nec-nijmegen/startseite/verein/467
53646,FK Polissya Zhytomyr,UKR1,https://www.transfermarkt.co.uk/fk-polissya-zhytomyr/startseite/verein/53646
631,Chelsea FC,GB1,https://www.transfermarkt.co.uk/fc-chelsea/startseite/verein/631
749,FC Empoli,IT1,https://www.transfermarkt.co.uk/fc-empoli/startseite/verein/749
833,Denizlispor,TR1,https://www.transfermarkt.co.uk/denizlispor/startseite/verein/833
865,FC Midtjylland,DK1,https://www.transfermarkt.co.uk/fc-midtjylland/startseite/verein/865
10,Arminia Bielefeld,L1,https://www.transfermarkt.co.uk/arminia-bielefeld/startseite/verein/10
10484,Kasimpasa,TR1,https://www.transfermarkt.co.uk/kasimpasa/startseite/verein/10484
1049,Valencia CF,ES1,https://www.transfermarkt.co.uk/fc-valencia/startseite/verein/1049
1053,Aalborg BK,DK1,https://www.transfermarkt.co.uk/aalborg-bk/startseite/verein/1053
1075,SC Braga,PO1,https://www.transfermarkt.co.uk/sc-braga/startseite/verein/1075
1269,PEC Zwolle,NL1,https://www.transfermarkt.co.uk/pec-zwolle/startseite/verein/1269
132,NAC Breda,NL1,https://www.transfermarkt.co.uk/nac-breda/startseite/verein/132
2292,Elazigspor,TR1,https://www.transfermarkt.co.uk/elazigspor/startseite/verein/2292
27,Bayern Munich,L1,https://www.transfermarkt.co.uk/fc-bayern-munchen/startseite/verein/27
2759,Ross County FC,SC1,https://www.transfermarkt.co.uk/ross-county-fc/startseite/verein/2759
2778,FC Nordsjaelland,DK1,https://www.transfermarkt.co.uk/fc-nordsjaelland/startseite/verein/2778
29,Everton FC,GB1,https://www.transfermarkt.co.uk/fc-everton/startseite/verein/29
290,AJ Auxerre,FR1,https://www.transfermarkt.co.uk/aj-auxerre/startseite/verein/290
30120,AE Kifisias,GR1,https://www.transfermarkt.co.uk/ae-kifisias/startseite/verein/30120
306,SC Heerenveen,NL1,https://www.transfermarkt.co.uk/sc-heerenveen/startseite/verein/306
3268,Casa Pia AC,PO1,https://www.transfermarkt.co.uk/casa-pia-ac/startseite/verein/3268
347,FC Metz,FR1,https://www.transfermarkt.co.uk/fc-metz/startseite/verein/347
3714,Enisey Krasnoyarsk,RU1,https://www.transfermarkt.co.uk/enisey-krasnoyarsk/startseite/verein/3714
399,Leeds United,GB1,https://www.transfermarkt.co.uk/leeds-united/startseite/verein/399
4083,FC Crotone,IT1,https://www.transfermarkt.co.uk/fc-crotone/startseite/verein/4083
465,St. Mirren FC,SC1,https://www.transfermarkt.co.uk/st-mirren-fc/startseite/verein/465
48332,Kolos Kovalivka,UKR1,https://www.transfermarkt.co.uk/kolos-kovalivka/startseite/verein/48332
533,TSG 1899 Hoffenheim,L1,https://www.transfermarkt.co.uk/tsg-1899-hoffenheim/startseite/verein/533
58,RSC Anderlecht,BE1,https://www.transfermarkt.co.uk/rsc-anderlecht/startseite/verein/58
607,Venezia FC,IT1,https://www.transfermarkt.co.uk/venezia-fc/startseite/verein/607
68608,CF Os Belenenses,PO1,https://www.transfermarkt.co.uk/cf-os-belenenses/startseite/verein/68608
724,FC Volendam,NL1,https://www.transfermarkt.co.uk/fc-volendam/startseite/verein/724
800,Atalanta BC,IT1,https://www.transfermarkt.co.uk/atalanta-bergamo/startseite/verein/800
979,Moreirense FC,PO1,https://www.transfermarkt.co.uk/moreirense-fc/startseite/verein/979
984,West Bromwich Albion,GB1,https://www.transfermarkt.co.uk/west-bromwich-albion/startseite/verein/984
